Country Name,Country Code,Series Name,Series Code,1990 [YR1990],1991 [YR1991],1992 [YR1992],1993 [YR1993],1994 [YR1994],1995 [YR1995],1996 [YR1996],1997 [YR1997],1998 [YR1998],1999 [YR1999],2000 [YR2000],2001 [YR2001],2002 [YR2002],2003 [YR2003],2004 [YR2004],2005 [YR2005],2006 [YR2006],2007 [YR2007],2008 [YR2008],2009 [YR2009],2010 [YR2010],2011 [YR2011],2012 [YR2012],2013 [YR2013],2014 [YR2014],2015 [YR2015],2016 [YR2016]
"Hong Kong SAR, China",HKG,"Borrowers from commercial banks (per 1,000 adults)",FB.CBK.BRWR.P3,..,..,..,..,..,..,..,..,..,..,..,..,..,..,..,..,..,..,..,..,..,..,..,..,..,..,..
"Hong Kong SAR, China",HKG,Consumer price index (2010 = 100),FP.CPI.TOTL,56.96821516,63.32518337,69.43765281,75.55012225,82.15158924,89.60880196,95.23227384,100.7334963,103.6674817,99.51100244,95.84352078,94.25427873,91.44254279,88.99755501,88.75305623,89.48655257,91.3202934,93.15403423,97.18826406,97.799511,100,105.2567237,109.5354523,114.3031785,119.4376528,122.9828851,125.9168704
"Hong Kong SAR, China",HKG,"Contributing family workers, female (% of female employment) (modeled ILO estimate)",SL.FAM.WORK.FE.ZS,..,2.21799993515015,2.11100006103516,2.03600001335144,1.75,1.4650000333786,1.39300000667572,1.37300002574921,1.22699999809265,1.47599995136261,1.22899997234344,1.21000003814697,1.30099999904633,1.36300003528595,1.42900002002716,1.37699997425079,1.17599999904633,1.10599994659424,1.00399994850159,0.862999975681305,0.704999983310699,0.768999993801117,0.746999979019165,0.649999976158142,0.653999984264374,0.602999985218048,0.58899998664856
"Hong Kong SAR, China",HKG,"Contributing family workers, male (% of male employment) (modeled ILO estimate)",SL.FAM.WORK.MA.ZS,..,0.204999998211861,0.197999998927116,0.19200000166893,0.166999995708466,0.111000001430511,0.116999998688698,0.104000002145767,0.112000003457069,0.130999997258186,0.12899999320507,0.144999995827675,0.159999996423721,0.17399999499321,0.193000003695488,0.212999999523163,0.162000000476837,0.116999998688698,0.153999999165535,0.168999999761581,0.108000002801418,0.116999998688698,0.115000002086163,0.104000002145767,0.172000005841255,0.119000002741814,0.116999998688698
"Hong Kong SAR, China",HKG,"Contributing family workers, total (% of total employment) (modeled ILO estimate)",SL.FAM.WORK.ZS,..,0.962999999523163,0.912000000476837,0.879000008106232,0.767000019550323,0.633000016212463,0.61599999666214,0.606000006198883,0.561999976634979,0.688000023365021,0.591000020503998,0.602999985218048,0.663999974727631,0.703000009059906,0.745999991893768,0.740000009536743,0.625999987125397,0.573000013828278,0.550999999046326,0.497000008821487,0.388999998569489,0.428000003099442,0.418999999761581,0.368000000715256,0.40599998831749,0.354999989271164,0.34799998998642
"Hong Kong SAR, China",HKG,"Employment in services, male (% of male employment) (modeled ILO estimate)",SL.SRV.EMPL.MA.ZS,..,60.9570007324219,62.4199981689453,65.197998046875,66.3059997558594,67.109001159668,68.0579986572266,69.0090026855469,70.3539962768555,71.8949966430664,72.1640014648438,73.2109985351563,74.2149963378906,75.4229965209961,77.3610000610352,77.5270004272461,77.9020004272461,78.5899963378906,79.052001953125,78.6630020141602,79.0749969482422,79.181999206543,79.9209976196289,79.0479965209961,78.5240020751953,78.5640029907227,78.6320037841797
"Hong Kong SAR, China",HKG,"Employment in services, female (% of female employment) (modeled ILO estimate)",SL.SRV.EMPL.FE.ZS,..,69.8610000610352,72.9759979248047,76.8980026245117,79.8840026855469,80.9029998779297,83.3529968261719,85.3690032958984,87.1859970092773,88.0619964599609,89.3479995727539,90.0019989013672,90.6269989013672,91.6780014038086,92.568000793457,93.2910003662109,93.5,93.9710006713867,94.5770034790039,94.3600006103516,94.7239990234375,94.8649978637695,95.1320037841797,94.8880004882813,94.7979965209961,94.8059997558594,94.8649978637695
"Hong Kong SAR, China",HKG,Employment in services (% of total employment) (modeled ILO estimate),SL.SRV.EMPL.ZS,..,64.3119964599609,66.3600006103516,69.556999206543,71.4520034790039,72.4280014038086,74.0449981689453,75.4769973754883,77.1539993286133,78.5699996948242,79.3789978027344,80.4280014038086,81.4540023803711,82.6579971313477,84.1660003662109,84.6630020141602,85.0350036621094,85.6849975585938,86.2959976196289,86.0800018310547,86.4489974975586,86.6630020141602,87.2300033569336,86.7080001831055,86.4380035400391,86.4970016479492,86.5830001831055
"Hong Kong SAR, China",HKG,"Employment in industry, male (% of male employment) (modeled ILO estimate)",SL.IND.EMPL.MA.ZS,..,38.1310005187988,36.7449989318848,34.0050010681152,32.923999786377,32.2050018310547,31.4540004730225,30.5879993438721,29.2959995269775,27.7479991912842,27.496000289917,26.5179996490479,25.4449996948242,24.3169994354248,22.3169994354248,22.1439990997314,21.8159999847412,21.1959991455078,20.6429996490479,21.0189990997314,20.632999420166,20.5330009460449,20.0729999542236,20.6669998168945,21.1919994354248,21.1490001678467,21.0839996337891
"Hong Kong SAR, China",HKG,"Employment in industry, female (% of female employment) (modeled ILO estimate)",SL.IND.EMPL.FE.ZS,..,29.507999420166,26.5869998931885,22.7269992828369,19.7430000305176,18.7159996032715,16.3740005493164,14.4079999923706,12.5930004119873,11.7299995422363,10.4309997558594,9.84899997711182,9.16300010681152,8.1540002822876,7.24900007247925,6.5310001373291,6.30800008773804,5.88100004196167,5.2649998664856,5.47200012207031,5.1230001449585,4.9850001335144,4.85099983215332,4.96199989318848,5.05200004577637,5.04400014877319,4.98600006103516
"Hong Kong SAR, China",HKG,"Employment in agriculture, male (% of male employment) (modeled ILO estimate)",SL.AGR.EMPL.MA.ZS,..,0.912000000476837,0.836000025272369,0.796000003814697,0.769999980926514,0.685000002384186,0.486999988555908,0.402999997138977,0.349999994039536,0.35699999332428,0.340000003576279,0.270999997854233,0.340000003576279,0.261000007390976,0.321999996900558,0.328999996185303,0.282000005245209,0.214000001549721,0.305000007152557,0.317999988794327,0.291999995708466,0.28600001335144,0.00600000005215406,0.28600001335144,0.284999996423721,0.287000000476837,0.284000009298325
"Hong Kong SAR, China",HKG,Employment in industry (% of total employment) (modeled ILO estimate),SL.IND.EMPL.ZS,..,34.8819999694824,32.9529991149902,29.8040008544922,27.92799949646,27.003999710083,25.5520000457764,24.1909999847412,22.5480003356934,21.1340007781982,20.3309993743896,19.3540000915527,18.2630004882813,17.1219997406006,15.5740003585815,15.0769996643066,14.7229995727539,14.1309995651245,13.4680004119873,13.6719999313354,13.3249998092651,13.1169996261597,12.7589998245239,13.0719995498657,13.3430004119873,13.2829999923706,13.1999998092651
"Hong Kong SAR, China",HKG,Employment in agriculture (% of total employment) (modeled ILO estimate),SL.AGR.EMPL.ZS,..,0.805999994277954,0.686999976634979,0.638999998569489,0.620000004768372,0.568000018596649,0.402999997138977,0.331999987363815,0.298000007867813,0.296000003814697,0.28999999165535,0.217999994754791,0.282999992370605,0.218999996781349,0.259999990463257,0.261000007390976,0.24099999666214,0.184000000357628,0.236000001430511,0.246999993920326,0.225999996066093,0.221000000834465,0.0109999999403954,0.219999998807907,0.218999996781349,0.219999998807907,0.216999992728233
"Hong Kong SAR, China",HKG,"Employment in agriculture, female (% of female employment) (modeled ILO estimate)",SL.AGR.EMPL.FE.ZS,..,0.630999982357025,0.437000006437302,0.375,0.372999995946884,0.381000012159348,0.273000001907349,0.223000004887581,0.221000000834465,0.208000004291534,0.221000000834465,0.149000003933907,0.209999993443489,0.167999997735023,0.18299999833107,0.178000003099442,0.19200000166893,0.148000001907349,0.157000005245209,0.167999997735023,0.152999997138977,0.150000005960464,0.0160000007599592,0.150000005960464,0.149000003933907,0.150000005960464,0.148000001907349
"Hong Kong SAR, China",HKG,"Foreign direct investment, net inflows (% of GDP)",BX.KLT.DINV.WD.GD.ZS,..,..,..,..,..,..,..,..,8.7425870273909,14.8266335567485,41.0651210039997,18.4717360559594,4.05643913833253,11.5050419796746,13.1249372796878,22.5605048931489,23.2007132859484,29.3581158283685,30.5706338442194,25.3569801987172,36.1747620158536,38.684029536737,28.5143719894717,27.8775202185389,44.550793381462,58.5187499629812,41.5291359384113
"Hong Kong SAR, China",HKG,"Foreign direct investment, net outflows (% of GDP)",BM.KLT.DINV.WD.GD.ZS,3.18218430854259,3.17559809235336,7.91581435456494,14.7174233144649,15.7843113918503,17.28274915416,16.6111542245007,13.7617235287306,9.84427836747251,13.3952783508445,40.7671710953562,11.9749368879991,9.7677426748158,7.930957219672,21.686000647035,18.6794881232432,24.5832290140355,32.0882414219206,26.0299836578439,27.0704750527172,43.0509871939029,38.5917866315641,33.5540160578428,30.2246653343849,48.340210093442,25.3778590413269,23.5452036160516
"Hong Kong SAR, China",HKG,GDP per capita (constant 2005 US$),NY.GDP.PCAP.KD,18250.9008304639,19132.2528041225,20155.1909150465,21040.4987950784,21813.7037484007,21893.6704955335,21835.0345784625,22758.3015265433,21241.4375462373,21566.9181125635,23015.8882405574,22975.0347722137,23252.4467523129,24010.4665816112,25896.6210634328,27688.6984415576,29446.2368891939,31081.548007209,31553.6132264208,30711.4847558043,32549.998231121,33888.4959161945,34086.321231372,35002.5174875319,35717.6791626358,36260.5954574462,36816.1498608515
"Hong Kong SAR, China",HKG,GDP growth (annual %),NY.GDP.MKTP.KD.ZG,3.83052218564389,5.70197412483036,6.23493566308704,6.20116929338728,6.03611889171583,2.37378825107018,4.25861111781603,5.09971068043733,-5.8826725683081,2.50669779039232,7.66346803704403,0.560870813085955,1.65663751651999,3.05631891879183,8.70002543141135,7.38824572298446,7.0327306548603,6.46483340726951,2.12794078106722,-2.45904959294096,6.76768259890679,4.81468728152679,1.70030779756858,3.10148883032424,2.76241663336461,2.38784571036929,2.16292329544639
"Hong Kong SAR, China",HKG,"GDP per capita, PPP (constant 2011 international $)",NY.GDP.PCAP.PP.KD,26974.164889762,28276.7709191424,29788.6360885607,31097.0888030878,32239.8574860278,32358.0454178397,32271.3836738399,33635.9385046474,31394.0689388549,31875.1173290714,34016.6422606851,33956.2623264748,34366.2671017515,35486.592725957,38274.2601662017,40922.8850829545,43520.4627218349,45937.3928313762,46635.0879851675,45390.4528608094,48107.7086333279,50085.9593288483,50378.3379199401,51732.4425263159,52789.4253638365,53591.835819824,54412.9249387607
"Hong Kong SAR, China",HKG,GDP per person employed (constant 1990 PPP $),SL.GDP.PCAP.EM.KD,..,55728.72265625,59246.80859375,62540.8046875,65430.91796875,66528.8671875,68123.8515625,69830.4921875,65829.7265625,67317.5,70295.15625,69745.75,71324.046875,73717.0703125,78590.21875,82927.359375,87100.8125,90874.8359375,92047.6796875,90576.4609375,96559.6171875,98598.265625,98226.765625,99469.9609375,101525.8828125,103228.484375,104957.6484375
"Hong Kong SAR, China",HKG,"Labor force participation rate, female (% of female population ages 15+) (modeled ILO estimate)",SL.TLF.CACT.FE.ZS,47.3629989624023,48.2070007324219,46.9679985046387,46.3279991149902,46.7019996643066,47.3650016784668,47.5229988098145,47.7249984741211,48.2980003356934,48.9329986572266,49.5870018005371,50.3009986877441,51.5870018005371,51.3569984436035,51.5779991149902,51.7389984130859,52.0289993286133,52.5,52.4879989624023,52.6370010375977,51.3930015563965,52.382999420166,53.2130012512207,54.0509986877441,54.2109985351563,54.4679985046387,54.2130012512207
"Hong Kong SAR, China",HKG,Access to electricity (% of population),EG.ELC.ACCS.ZS,100,100,100,100,100,100,100,100,100,100,100,100,100,100,100,100,100,100,100,100,100,100,100,100,100,100,100
"Hong Kong SAR, China",HKG,"Adolescent fertility rate (births per 1,000 women ages 15-19)",SP.ADO.TFRT,6.7246,6.6108,6.497,6.2632,6.0294,5.7956,5.5618,5.328,5.0072,4.6864,4.3656,4.0448,3.724,3.5802,3.4364,3.2926,3.1488,3.005,3.0082,3.0114,3.0146,3.0178,3.021,2.9578,2.8946,2.8314,2.7682
"Hong Kong SAR, China",HKG,Age dependency ratio (% of working-age population),SP.POP.DPND,42.0040835042261,41.5001378839379,41.1390204383352,40.8492726606573,40.5403844613387,40.1838619480094,40.0432827425025,39.6720731401002,39.2549772529845,38.9206725305015,38.6492834650796,38.1099609775543,37.6795661769765,37.2800287825484,36.8106524962528,36.2447894846827,35.4133938619941,34.6089619678058,33.8894839276045,33.3767159618042,33.1701363097073,33.1934271202205,33.4067464434072,33.8830466155968,34.6958365115427,35.8632881182355,36.9448015349406
"Hong Kong SAR, China",HKG,"Agriculture, value added (% of GDP)",NV.AGR.TOTL.ZS,..,..,..,..,..,..,..,..,..,..,0.0873270375124953,0.0894680511254657,0.0881032820206869,0.0751987993656245,0.0731235605934626,0.0674869434363105,0.0629926078474022,0.0614869792991817,0.0541731796493912,0.0656925288308839,0.0533684018528068,0.0487999048815413,0.0546866831053985,0.0572883662527095,0.0661945438173809,0.0679653751855497,0.076201151769569
"Hong Kong SAR, China",HKG,"Agriculture, value added (annual % growth)",NV.AGR.TOTL.KD.ZG,..,..,..,..,..,..,..,..,..,..,..,0.293733681462143,-2.63586072242109,-5.31417112299465,0.388280974232273,-0.246132208157519,-3.31335918223475,-4.3383157127233,-16.9588414634146,-4.54336851766865,3.84615384615385,0.833333333333329,-3.2139577594123,4.88614800759012,-6.01537765716868,-6.8334937439846,-1.96280991735537
"Hong Kong SAR, China",HKG,"Agriculture, value added (constant 2005 US$)",NV.AGR.TOTL.KD,..,..,..,..,..,..,..,..,..,..,173088034.232039,173596452.087159,169020691.391077,160038642.617286,160660042.217989,160264606.108451,154954464.066084,148232050.203939,123093611.811884,117501015.405562,122020285.228852,123037120.939093,119082759.843713,124901319.7412,117388033.659979,109366329.723638,107219676.557575
"Hong Kong SAR, China",HKG,"Air transport, registered carrier departures worldwide",IS.AIR.DPRT,..,124500,147100,167200,181500,193700,195200,224800,234700,72400,79182,85003,91096,87070,111136,122705,130014,141372,144039,149809,158255,173112,185506.37822568,199639,215562,228582,235581
"Hong Kong SAR, China",HKG,"Automated teller machines (ATMs) (per 100,000 adults)",FB.ATM.TOTL.P5,..,..,..,..,..,..,..,..,..,..,..,..,..,..,..,..,..,..,..,..,46.8811213955723,49.619459752319,..,..,..,49.3141647147608,50.5903064159194
"Hong Kong SAR, China",HKG,CPIA economic management cluster average (1=low to 6=high),IQ.CPA.ECON.XQ,..,..,..,..,..,..,..,..,..,..,..,..,..,..,..,..,..,..,..,..,..,..,..,..,..,..,..
"Hong Kong SAR, China",HKG,CPIA financial sector rating (1=low to 6=high),IQ.CPA.FINS.XQ,..,..,..,..,..,..,..,..,..,..,..,..,..,..,..,..,..,..,..,..,..,..,..,..,..,..,..
"Hong Kong SAR, China",HKG,CPIA gender equality rating (1=low to 6=high),IQ.CPA.GNDR.XQ,..,..,..,..,..,..,..,..,..,..,..,..,..,..,..,..,..,..,..,..,..,..,..,..,..,..,..
"Hong Kong SAR, China",HKG,CPIA macroeconomic management rating (1=low to 6=high),IQ.CPA.MACR.XQ,..,..,..,..,..,..,..,..,..,..,..,..,..,..,..,..,..,..,..,..,..,..,..,..,..,..,..
"Hong Kong SAR, China",HKG,CPIA policies for social inclusion/equity cluster average (1=low to 6=high),IQ.CPA.SOCI.XQ,..,..,..,..,..,..,..,..,..,..,..,..,..,..,..,..,..,..,..,..,..,..,..,..,..,..,..
"Hong Kong SAR, China",HKG,CPIA property rights and rule-based governance rating (1=low to 6=high),IQ.CPA.PROP.XQ,..,..,..,..,..,..,..,..,..,..,..,..,..,..,..,..,..,..,..,..,..,..,..,..,..,..,..
"Hong Kong SAR, China",HKG,CPIA social protection rating (1=low to 6=high),IQ.CPA.PROT.XQ,..,..,..,..,..,..,..,..,..,..,..,..,..,..,..,..,..,..,..,..,..,..,..,..,..,..,..
"Hong Kong SAR, China",HKG,Depth of credit information index (0=low to 8=high),IC.CRD.INFO.XQ,..,..,..,..,..,..,..,..,..,..,..,..,..,..,..,..,..,..,..,..,..,..,..,7,7,7,7
"Hong Kong SAR, China",HKG,Domestic credit provided by financial sector (% of GDP),FS.AST.DOMS.GD.ZS,151.932062424073,127.76574770404,119.891095610373,125.723783847649,139.389106430007,141.986370046273,151.790535262256,162.056700141215,144.605809763056,134.958077555356,133.984946553311,136.161155121857,140.307653269264,143.525676530574,143.872626958219,139.768536000708,131.999101407456,122.699639195617,122.343271310411,164.057075718173,195.35808745212,207.14017834711,201.105362338548,222.597206853092,235.993845544589,211.866810881131,210.617093106727
"Hong Kong SAR, China",HKG,Domestic credit to private sector (% of GDP),FS.AST.PRVT.GD.ZS,160.538234076922,137.255378455512,129.521018918885,134.908862418234,143.518640256857,149.412246225668,156.667889040809,169.280007108092,166.804706767354,152.79265225756,150.351364223279,148.976631278091,145.707823001046,146.231464371286,144.761964130729,143.12769981411,136.800320417521,136.679742857212,140.285752688015,155.426161115447,185.58191267173,202.292745511598,198.531505076682,218.160392086255,233.211001170351,207.899328185199,203.802440323819
"Hong Kong SAR, China",HKG,Ease of doing business index (1=most business-friendly regulations),IC.BUS.EASE.XQ,..,..,..,..,..,..,..,..,..,..,..,..,..,..,..,..,..,..,..,..,..,..,..,..,..,..,..
"Hong Kong SAR, China",HKG,Electric power consumption (kWh per capita),EG.USE.ELEC.KH.PC,4177.92970461916,4401.25173852573,4507.88725109904,4698.69513641756,4835.47072273586,4849.82375205081,4915.70196565923,4968.48658561016,5325.73314791326,5268.14500870355,5446.66166541635,5549.94563841354,5647.89964561617,5713.88245082308,5782.56062504607,5878.44184817707,5882.80760088084,5907.34930526438,5883.03774181494,5950.83754015604,5973.34927820962,5959.89592171503,6031.24431826128,5941.16090208806,6083.2699356802,..,..
"Hong Kong SAR, China",HKG,"Employers, female (% of female employment) (modeled ILO estimate)",SL.EMP.MPYR.FE.ZS,..,1.95200002193451,1.85199999809265,1.72800004482269,1.81400001049042,1.81099998950958,1.78199994564056,1.81900000572205,1.72500002384186,1.80799996852875,1.66499996185303,1.96300005912781,2.00999999046326,1.99300003051758,1.92400002479553,1.83899998664856,1.84899997711182,1.74899995326996,1.64699995517731,1.73300004005432,1.53299999237061,1.64499998092651,1.42700004577637,1.36199998855591,1.20500004291534,1.36300003528595,1.39100003242493
"Hong Kong SAR, China",HKG,"Employers, male (% of male employment) (modeled ILO estimate)",SL.EMP.MPYR.MA.ZS,..,9.4060001373291,8.9379997253418,8.40999984741211,7.90100002288818,7.71700000762939,7.94899988174438,7.69899988174438,7.56300020217896,7.51599979400635,7.21199989318848,7.48400020599365,7.46999979019165,7.42600011825562,7.11499977111816,6.78299999237061,6.64200019836426,6.19799995422363,5.63399982452393,5.64799976348877,5.28700017929077,5.15500020980835,5.01300001144409,5.05299997329712,4.62400007247925,4.51300001144409,4.5770001411438
"Hong Kong SAR, China",HKG,"Employers, total (% of total employment) (modeled ILO estimate)",SL.EMP.MPYR.ZS,..,6.59800004959106,6.29300022125244,5.9210000038147,5.5939998626709,5.44000005722046,5.53499984741211,5.375,5.20499992370605,5.15299987792969,4.88100004196167,5.11100006103516,5.06099987030029,5.00699996948242,4.79199981689453,4.54500007629395,4.44999980926514,4.14599990844727,3.7739999294281,3.79800009727478,3.51900005340576,3.48099994659424,3.28999996185303,3.26799988746643,2.96099996566772,2.97499990463257,3.01600003242493
"Hong Kong SAR, China",HKG,Export value index (2000 = 100),TX.VAL.MRCH.XD.WD,40.70142673,48.83434063,59.19300505,66.99891014,75.00198157,85.78469827,89.2595827,92.85189187,86.27462589,86.04717712,100,94.26838955,99.62735849,112.8403709,131.0138537,144.1260491,159.1987448,172.3803057,182.6703863,162.5306192,197.6939433,224.7713819,243.1913244,264.2283763,258.5959355,251.9185131,254.9468875
"Hong Kong SAR, China",HKG,Export volume index (2000 = 100),TX.QTY.MRCH.XD.WD,40.29844231,46.95609676,56.37429053,63.80848584,70.75658639,78.24955189,81.40205183,86.26211419,82.88398662,85.28850012,100,96.68157635,104.9457644,119.4161299,137.2208088,151.8029511,165.124498,176.4199964,179.3077501,155.2488589,182.6420636,187.1259262,186.9177143,191.8947105,194.8315949,191.4655017,194.1284229
"Hong Kong SAR, China",HKG,Exports of goods and services (% of GDP),NE.EXP.GNFS.ZS,117.269080326271,119.332352605078,122.666484952858,120.357676072223,119.292594392203,126.208617290703,121.684512519621,115.041479648353,110.834708128133,112.718574496907,126.031457172742,122.769694703522,132.076763164041,150.775979991549,167.775897168379,177.45291670355,185.185163012497,186.412407406061,193.415176806617,178.135055401704,205.322597352297,212.852416474103,215.849565476503,221.610060304774,213.090413516784,195.89760161449,186.99895133083
"Hong Kong SAR, China",HKG,Exports of goods and services (annual % growth),NE.EXP.GNFS.KD.ZG,6.78730064016339,13.4117219196212,17.3572331892419,12.0098405124015,9.187754399768,9.84971561821226,6.28881302602362,6.24303805168094,-5.42352442312544,3.23071082826969,16.8780943712604,-1.04842456700223,8.56610751565927,13.0852924978642,16.1109466742843,12.1663480206898,10.176429005576,8.15323973593168,3.50096804025628,-9.25594697633208,17.5608323494687,4.80602245414904,3.20586299819638,7.82606132294448,0.969481231961879,-1.37902744900389,0.691783450161878
"Hong Kong SAR, China",HKG,"Fertility rate, total (births per woman)",SP.DYN.TFRT.IN,1.272,1.281,1.347,1.342,1.355,1.295,1.191,1.127,1.016,0.981,1.032,0.931,0.941,0.901,0.922,0.959,0.984,1.028,1.064,1.055,1.127,1.204,1.285,1.125,1.235,1.196,1.205
"Hong Kong SAR, China",HKG,Fixed broadband Internet subscribers (per 100 people),IT.NET.BBND.P2,..,..,..,..,..,..,..,..,0.169914715170418,1.31417522498451,6.6697640663816,10.6575779204339,15.3709058862568,18.6944744109571,22.3111996785933,24.2992981154437,26.1828214663453,27.5271776907012,27.887534917323,29.4041818792108,30.8561680835379,32.5369401831211,31.732513189873,31.2681093885757,31.7083191849178,32.4031173795331,35.9589820019409
"Hong Kong SAR, China",HKG,Fuel exports (% of merchandise exports),TX.VAL.FUEL.ZS.UN,0.345291862146243,0.557912642564708,0.898754055798634,0.876483095725937,0.382249564546844,0.321448165202115,0.161233945059612,0.420406689938034,0.331408194870559,0.353444142941764,0.475487349001884,0.612901013796624,0.810737806391406,1.13629503048901,1.2387315434949,1.54449464200187,1.67678749554989,1.97991798554603,2.78112333735068,4.42134228358862,3.29404137207177,4.09801964725117,3.21329633902478,3.09609051540798,3.23321258158364,3.92813243452099,4.22623156899437
"Hong Kong SAR, China",HKG,GINI index (World Bank estimate),SI.POV.GINI,..,..,..,..,..,..,..,..,..,..,..,..,..,..,..,..,..,..,..,..,..,..,..,..,..,..,..
"Hong Kong SAR, China",HKG,"Government expenditure on education, total (% of GDP)",SE.XPD.TOTL.GD.ZS,2.46608996391296,..,2.82820010185242,..,..,..,2.72831010818481,..,..,..,..,3.90370011329651,4.01554012298584,4.28529977798462,4.5589599609375,4.13463020324707,3.84278988838196,3.45455002784729,3.26062989234924,4.39212989807129,3.51003003120422,3.41822004318237,3.50960993766785,3.76031994819641,3.57255005836487,3.26212000846863,3.29243993759155
"Hong Kong SAR, China",HKG,Gross capital formation (% of GDP),NE.GDI.TOTL.ZS,27.1705247840656,26.9214245728842,28.176873613916,27.2498684224659,31.3792742066101,34.2907008541509,31.800346636164,34.2001903745076,29.0038636957848,24.9795092484443,27.58240928418,25.4912038221478,23.1809524249985,22.3796401439042,22.3574337350953,21.0598211914668,22.2851483120043,21.3960754951065,21.0412143694213,21.846864085774,23.8904664218175,24.1431842971831,25.2201335356512,24.0303885554212,23.8224694193154,21.5414797271378,21.5377456664108
"Hong Kong SAR, China",HKG,Gross capital formation (annual % growth),NE.GDI.TOTL.KD.ZG,9.83122424878037,7.84205642464224,10.0697301430273,0.537236579412422,24.835052585909,15.5015161078682,-2.98100864672702,13.9209380467091,-16.4387241448158,-15.0789309025442,19.4931294949943,-4.54502506512898,0.434948422386967,2.69346606871011,2.58556205434304,-0.734381666098471,8.41847623837515,7.98671566960307,-0.309439931164377,1.10504453507092,11.1307378961183,2.30433642023691,3.26811429540453,6.11070209849454,1.52478170253822,-7.51980655871785,4.82978739877052
"Hong Kong SAR, China",HKG,"Gross fixed capital formation, private sector (% of GDP)",NE.GDI.FPRV.ZS,22.8251365025966,23.2668376431856,24.2954666534511,23.354528952428,25.4191556863978,25.2557180211724,25.5533671550497,28.4251571099489,25.2276247368268,20.3631412205489,21.6223389739522,21.0411901218794,18.2376106204922,17.1669707775078,17.7718347483464,18.1070372665309,19.7359099771111,18.3187581932157,18.0339293944844,17.5460525721036,18.1180094712025,19.5338678577152,20.9108818154015,19.4581689702825,18.5518616109256,..,..
"Hong Kong SAR, China",HKG,High-technology exports (% of manufactured exports),TX.VAL.TECH.MF.ZS,..,..,16.7002375896144,17.0717663657362,18.4422356582392,20.5657115939571,19.3950149444886,21.1054864431272,21.0562677140222,21.0571812698954,23.4070026292072,19.7844136225443,16.9807545444544,12.6796007648489,14.3520937445273,15.5996374978174,11.3636200944598,11.5172072062091,11.2530570592172,14.7089504407087,16.1001086612277,13.7070899783619,16.1774504031416,12.249060895652,9.85112798187429,11.5778386131402,12.121234474299
"Hong Kong SAR, China",HKG,ICT goods imports (% total goods imports),TM.VAL.ICTG.ZS.UN,..,..,..,..,..,..,..,..,..,..,27.8352472415,28.3485982215,31.4723017123,33.5434110979,36.2809872896,38.2167533928,40.1549241688,40.4295919601,39.8325302464,42.4531583971,42.7613727252,40.4118162948,40.7879029982,38.7618503568,43.5215090051,47.6553737587,50.3074173019
"Hong Kong SAR, China",HKG,Imports of goods and services (% of GDP),NE.IMP.GNFS.ZS,108.731159971698,112.532781348227,117.466331322092,113.61145422713,118.135402673374,130.689647776688,123.169251866549,118.398814929615,110.298576380235,107.553738648435,121.62256327285,118.07928292341,123.919694205301,141.678675928188,159.065157420675,165.236292821103,174.023498171751,175.737056233629,183.24162936526,170.262498907636,199.447963556362,209.002290080282,214.71896493916,221.009958822525,212.885458218013,193.508347649149,184.708901964689
"Hong Kong SAR, China",HKG,Individuals using the Internet (% of population),IT.NET.USER.ZS,0,0.120955444334145,0.849527883374094,1.33456803119019,2.78419826636163,3.21863564288143,4.74883867150288,10.5187570475672,14.5459795803324,21.2306819749994,27.8277606812581,38.6714032309569,43.0823830278909,52.2000433497404,56.3998803935333,56.9,60.8,64.8,66.7,69.4,72,72.2,72.9,74.2,79.8662704309064,84.9483529634062,87.477846264841
"Hong Kong SAR, China",HKG,"Industry, value added (% of GDP)",NV.IND.TOTL.ZS,..,..,..,..,..,..,..,..,..,..,12.0823834898067,11.3479853036237,10.6365250153969,9.85860238455791,9.17294443444659,8.45767902983093,7.99587055850563,6.89108505436297,7.00210309068239,6.87119744221016,6.83582798711052,6.71717250042648,6.84452438540072,6.94769922906227,7.0675064878175,7.05801657854796,7.47518042569866
"Hong Kong SAR, China",HKG,"Industry, value added (annual % growth)",NV.IND.TOTL.KD.ZG,..,..,..,..,..,..,..,..,..,..,..,-3.04388934638729,-2.58139608040517,-4.56852791878173,-4.28103513615939,-3.45512648294002,-4.18805609461388,-0.428016753798644,2.87466609352451,-5.25216197461592,8.61303176828213,10.2444188255425,5.03064821635273,1.85538864224124,8.08311816058036,2.70522388059702,3.11579273830887
"Hong Kong SAR, China",HKG,"Industry, value added (constant 2005 US$)",NV.IND.TOTL.KD,..,..,..,..,..,..,..,..,..,..,18577469173.1018,18011991568.1134,17547030723.7712,16745389726.2385,16028513708.3714,15474708286.4118,14826618822.899,14763158410.3152,15187549919.4698,14389875197.7236,15629279719.9197,17230408593.8438,18097209836.4403,18432983412.3082,19922943242.0453,20461903460.3469,21099453962.4841
"Hong Kong SAR, China",HKG,"Inflation, consumer prices (annual %)",FP.CPI.TOTL.ZG,10.42654028,11.15879828,9.652509653,8.802816901,8.737864078,9.077380952,6.275579809,5.776636714,2.912621359,-4.009433962,-3.685503686,-1.658163265,-2.983138781,-2.673796791,-0.274725275,0.826446281,2.049180328,2.008032129,4.330708661,0.628930818,2.25,5.256723716,4.06504065,4.352678571,4.49197861,2.968270215,2.385685885
"Hong Kong SAR, China",HKG,Informal payments to public officials (% of firms),IC.FRM.CORR.ZS,..,..,..,..,..,..,..,..,..,..,..,..,..,..,..,..,..,..,..,..,..,..,..,..,..,..,..
"Hong Kong SAR, China",HKG,International migrant stock (% of population),SM.POP.TOTL.ZS,38.2889192572912,..,..,..,..,39.7721343549953,..,..,..,..,39.3472575079951,..,..,..,..,39.7698051798584,..,..,..,..,39.7500847206791,..,..,..,..,38.9499399216491,..
"Hong Kong SAR, China",HKG,"Labor force participation rate, male (% of male population ages 15+) (modeled ILO estimate)",SL.TLF.CACT.MA.ZS,79.2890014648438,78.9739990234375,78.3720016479492,77.9199981689453,77.120002746582,76.661003112793,75.9000015258789,75.2870025634766,74.7539978027344,74.1480026245117,73.5640029907227,72.8610000610352,72.3199996948242,71.9420013427734,71.6480026245117,71.056999206543,70.6340026855469,70.2779998779297,69.3499984741211,68.9879989624023,68.0830001831055,68.0029983520508,68.4130020141602,68.8410034179688,68.5009994506836,68.4359970092773,68.3430023193359
"Hong Kong SAR, China",HKG,"Labor force participation rate, total (% of total population ages 15+) (modeled ILO estimate)",SL.TLF.CACT.ZS,63.4770011901855,63.6910018920898,62.7280006408691,62.1370010375977,61.8790016174316,61.9339981079102,61.5740013122559,61.3089981079102,61.2760009765625,61.2439994812012,61.2379989624023,61.2120018005371,61.5629997253418,61.2099990844727,61.1360015869141,60.8919982910156,60.798999786377,60.8380012512207,60.3569984436035,60.2319984436035,59.1129989624023,59.5830001831055,60.1969985961914,60.826000213623,60.7379989624023,60.8289985656738,60.6290016174316
"Hong Kong SAR, China",HKG,Labor force with advanced education (% of total working-age population with advanced education),SL.TLF.ADVN.ZS,..,..,..,..,..,..,..,..,..,..,..,..,..,..,..,..,..,..,..,72.4300003051758,70.2600021362305,74.5100021362305,71.379997253418,71.6100006103516,71.2799987792969,71.879997253418,71.8600006103516
"Hong Kong SAR, China",HKG,"Labor force with advanced education, female (% of female working-age population with advanced education)",SL.TLF.ADVN.FE.ZS,..,..,..,..,..,..,..,..,..,..,..,..,..,..,..,..,..,..,..,79.129997253418,77.5699996948242,80.5899963378906,79.1399993896484,78.1399993896484,78.4499969482422,79.1100006103516,78.5400009155273
"Hong Kong SAR, China",HKG,"Labor force with advanced education, male (% of male working-age population with advanced education)",SL.TLF.ADVN.MA.ZS,..,..,..,..,..,..,..,..,..,..,..,..,..,..,..,..,..,..,..,75.8600006103516,73.9499969482422,77.629997253418,75.3300018310547,74.9300003051758,74.8899993896484,75.5400009155273,75.2099990844727
"Hong Kong SAR, China",HKG,Labor force with basic education (% of total working-age population with basic education),SL.TLF.BASC.ZS,..,..,..,..,..,..,..,..,..,..,..,..,..,..,..,..,..,..,..,39.8699989318848,38.1599998474121,38.7700004577637,38.5900001525879,39.4500007629395,39.060001373291,38.1699981689453,37.9900016784668
"Hong Kong SAR, China",HKG,"Labor force with basic education, female (% of female working-age population with basic education)",SL.TLF.BASC.FE.ZS,..,..,..,..,..,..,..,..,..,..,..,..,..,..,..,..,..,..,..,61.5900001525879,60.560001373291,59.4900016784668,58.6500015258789,59.4900016784668,58.5,56.5400009155273,56.439998626709
"Hong Kong SAR, China",HKG,"Labor force with basic education, male (% of male working-age population with basic education)",SL.TLF.BASC.MA.ZS,..,..,..,..,..,..,..,..,..,..,..,..,..,..,..,..,..,..,..,50.1399993896484,48.7000007629395,48.4000015258789,47.8400001525879,48.689998626709,47.9799995422363,46.5099983215332,46.3699989318848
"Hong Kong SAR, China",HKG,Labor force with intermediate education (% of total working-age population with intermediate education),SL.TLF.INTM.ZS,..,..,..,..,..,..,..,..,..,..,..,..,..,..,..,..,..,..,..,63.439998626709,61.7400016784668,61.75,62.6800003051758,63.5400009155273,63.560001373291,63.3600006103516,62.8899993896484
"Hong Kong SAR, China",HKG,"Labor force with intermediate education, female (% of female working-age population with intermediate education)",SL.TLF.INTM.FE.ZS,..,..,..,..,..,..,..,..,..,..,..,..,..,..,..,..,..,..,..,73.9400024414063,73.4199981689453,72.25,72.5500030517578,73.3499984741211,72.6999969482422,72.870002746582,72.7399978637695
"Hong Kong SAR, China",HKG,"Labor force with intermediate education, male (% of male working-age population with intermediate education)",SL.TLF.INTM.MA.ZS,..,..,..,..,..,..,..,..,..,..,..,..,..,..,..,..,..,..,..,68.3000030517578,67.1100006103516,66.5899963378906,67.1399993896484,67.9300003051758,67.6500015258789,67.5800018310547,67.2300033569336
"Hong Kong SAR, China",HKG,"Labor force, total",SL.TLF.TOTL.IN,2869336,2920256,2915059,2951623,3021612,3101880,3234750,3263541,3305791,3350430,3392866,3440151,3496693,3489685,3532460,3553267,3596080,3651714,3664393,3682695,3656647,3722477,3815201,3880572,3905376,3939418,3949386
"Hong Kong SAR, China",HKG,"Life expectancy at birth, female (years)",SP.DYN.LE00.FE.IN,80.3,80.7,80.7,80.9,81.5,81.5,82.7,83.2,83,83.2,83.9,84.6,84.5,84.4,84.8,84.6,85.5,85.4,85.5,85.9,86,86.7,86.4,86.7,86.9,87.3,87.3
"Hong Kong SAR, China",HKG,"Life expectancy at birth, male (years)",SP.DYN.LE00.MA.IN,74.6,75.2,74.8,75.3,75.7,76,76.7,77.2,77.4,77.7,78,78.4,78.5,78.5,79,78.8,79.4,79.4,79.4,79.8,80.1,80.3,80.7,81.1,81.2,81.4,81.3
"Hong Kong SAR, China",HKG,Lifetime risk of maternal death (%),SH.MMR.RISK.ZS,..,..,..,..,..,..,..,..,..,..,..,..,..,..,..,..,..,..,..,..,..,..,..,..,..,..,..
"Hong Kong SAR, China",HKG,"Literacy rate, adult female (% of females ages 15 and above)",SE.ADT.LITR.FE.ZS,..,..,..,..,..,..,..,..,..,..,..,..,..,..,..,..,..,..,..,..,..,..,..,..,..,..,..
"Hong Kong SAR, China",HKG,"Literacy rate, adult male (% of males ages 15 and above)",SE.ADT.LITR.MA.ZS,..,..,..,..,..,..,..,..,..,..,..,..,..,..,..,..,..,..,..,..,..,..,..,..,..,..,..
"Hong Kong SAR, China",HKG,"Literacy rate, adult total (% of people ages 15 and above)",SE.ADT.LITR.ZS,..,..,..,..,..,..,..,..,..,..,..,..,..,..,..,..,..,..,..,..,..,..,..,..,..,..,..
"Hong Kong SAR, China",HKG,"Literacy rate, youth female (% of females ages 15-24)",SE.ADT.1524.LT.FE.ZS,..,..,..,..,..,..,..,..,..,..,..,..,..,..,..,..,..,..,..,..,..,..,..,..,..,..,..
"Hong Kong SAR, China",HKG,"Literacy rate, youth male (% of males ages 15-24)",SE.ADT.1524.LT.MA.ZS,..,..,..,..,..,..,..,..,..,..,..,..,..,..,..,..,..,..,..,..,..,..,..,..,..,..,..
"Hong Kong SAR, China",HKG,"Literacy rate, youth total (% of people ages 15-24)",SE.ADT.1524.LT.ZS,..,..,..,..,..,..,..,..,..,..,..,..,..,..,..,..,..,..,..,..,..,..,..,..,..,..,..
"Hong Kong SAR, China",HKG,"Manufacturing, value added (% of GDP)",NV.IND.MANF.ZS,..,..,..,..,..,..,..,..,..,..,4.59057600704598,4.05520375553877,3.52821655987131,3.10519317338138,2.99692698806104,2.80754182526334,2.63976942177841,1.96061683253007,1.84516778165807,1.73054612188073,1.71195474719816,1.58072403757179,1.5021656221052,1.41027589609527,1.23384682777251,1.11396500825592,1.07773641628151
"Hong Kong SAR, China",HKG,"Manufacturing, value added (annual % growth)",NV.IND.MANF.KD.ZG,..,..,..,..,..,..,..,..,..,..,..,-8.94790299006615,-9.68303632158892,-10.5042776238101,2.32589451008111,1.57236842105264,1.78444199753869,-0.849533869992698,-7.04704447724792,-8.17855416695436,3.34624205737488,0.734892858442151,-0.790927805265625,0.0873680378594912,-0.403724448970706,-1.53379834203702,-0.441345547602268
"Hong Kong SAR, China",HKG,"Manufacturing, value added (constant 2005 US$)",NV.IND.MANF.KD,..,..,..,..,..,..,..,..,..,..,5748297687.21755,5233945586.5851,4727140734.38387,4230588747.97597,4328987779.40925,4397055416.20391,4475518319.7057,4437497275.72208,4124784869.02528,3787437104.24171,3914173917.52047,3942938902.10733,3911753101.98593,3915170723.91704,3899364222.48564,3839555838.69117,3822610129.94941
"Hong Kong SAR, China",HKG,Market capitalization of listed companies (% of GDP),CM.MKT.LCAP.GD.ZS,108.394283933077,137.006992401526,164.936934583029,319.925309023963,198.441736775755,209.954486841357,281.258797071402,233.051078967404,203.430833791437,366.873606506416,363.141146951516,298.738628284923,278.36313009363,442.791718076916,509.440625336289,581.042486425494,886.114676835283,1254.46531470938,605.969727570166,1076.93595789398,1185.85700816469,908.616284735038,1078.30479473123,1124.70520227002,1109.2560635007,1029.42558744584,995.145780043764
"Hong Kong SAR, China",HKG,Mobile cellular subscriptions (per 100 people),IT.CEL.SETS.P2,2.31623194076097,3.23985563592484,3.9417571941495,4.8608681918422,8.00687223930428,13.0026037030987,21.8183667878388,35.0801938811951,49.0338185891641,64.9746396569742,81.7471315287378,85.9282514065858,94.6184409447398,108.354221430192,120.747399853321,125.139925079393,137.6621339705,155.856817170714,166.853170954724,180.390667870305,196.345837376504,216.435386434544,230.60253160567,237.433929102754,235.725991974773,230.818798622797,240.796207723485
"Hong Kong SAR, China",HKG,"New business density (new registrations per 1,000 people ages 15-64)",IC.BUS.NDNS.ZS,..,..,..,..,..,..,..,..,..,..,..,..,..,..,..,..,16.1455387151008,19.5798534712408,18.9781485314997,20.9522729953417,26.4999900290298,28.0136977763777,28.1154214205192,32.5991465040646,31.2978738849852,26.1101113311962,27.3417802738651
"Hong Kong SAR, China",HKG,New businesses registered (number),IC.BUS.NREG,..,..,..,..,..,..,..,..,..,..,..,..,..,..,..,..,81974,100761,98645,109424,139530,148329,150165,174031,167280,139209,144883
"Hong Kong SAR, China",HKG,Number of visits or required meetings with tax officials,IC.TAX.METG,..,..,..,..,..,..,..,..,..,..,..,..,..,..,..,..,..,..,..,..,..,..,..,..,..,..,..
"Hong Kong SAR, China",HKG,"Own-account workers, female (% of female employment) (modeled ILO estimate)",SL.EMP.OWAC.FE.ZS,..,1.53600001335144,1.56200003623962,1.57500004768372,1.73199999332428,1.97899997234344,1.83200001716614,1.70799994468689,1.875,2.16300010681152,2.16000008583069,2.61700010299683,3.17499995231628,3.4300000667572,3.68199992179871,3.51600003242493,3.56500005722046,3.2720000743866,3.58699989318848,3.68799996376038,3.13000011444092,3.39599990844727,3.52300000190735,3.61899995803833,3.40400004386902,3.35800004005432,3.36899995803833
"Hong Kong SAR, China",HKG,"Own-account workers, male (% of male employment) (modeled ILO estimate)",SL.EMP.OWAC.MA.ZS,..,6.27400016784668,6.31199979782104,6.38600015640259,6.22800016403198,6.53599977493286,6.51900005340576,6.11800003051758,6.47499990463257,7.08199977874756,7.20599985122681,9.00599956512451,10.3509998321533,9.86299991607666,9.67899990081787,9.85499954223633,10.2209997177124,9.49699974060059,9.77099990844727,9.83500003814697,8.6560001373291,8.85400009155273,9.33199977874756,9.28299999237061,8.07499980926514,7.875,7.81599998474121
"Hong Kong SAR, China",HKG,"Own-account workers, total (% of male employment) (modeled ILO estimate)",SL.EMP.OWAC.ZS,..,4.48899984359741,4.53900003433228,4.5939998626709,4.52400016784668,4.77899980545044,4.68400001525879,4.375,4.61700010299683,5.04500007629395,5.08599996566772,6.26000022888184,7.18499994277954,6.9980001449585,6.99499988555908,6.9850001335144,7.17700004577637,6.62599992752075,6.88600015640259,6.92999982833862,6.05299997329712,6.25,6.54099988937378,6.54400014877319,5.80299997329712,5.66900014877319,5.63800001144409
"Hong Kong SAR, China",HKG,"Personal remittances, paid (current US$)",BM.TRF.PWKR.CD.DT,..,..,..,..,..,..,..,..,175202272.33603,167069717.541443,225384932.677877,308510999.738257,298887656.533509,317206835.767579,320620656.09914,348086664.354964,376550918.428137,387625008.907917,393106655.333527,413326243.774106,482936786.176408,554344973.678522,607118505.223147,656398055.161943,711498699.134628,758670560.600778,816526002.584576
"Hong Kong SAR, China",HKG,"Personal transfers, receipts (BoP, current US$)",BX.TRF.PWKR.CD,..,..,..,..,..,..,..,..,..,..,..,..,..,..,..,..,..,..,..,..,..,..,..,..,..,..,..
"Hong Kong SAR, China",HKG,Population ages 0-14 (% of total),SP.POP.0014.TO.ZS,20.7594484368046,20.2879423746278,19.8837732031668,19.5020352293989,19.092396045242,18.6438789850525,18.3678772663698,17.9710751407621,17.5555111374462,17.1932821080546,16.8723496147909,16.2971754037975,15.7802858232965,15.2973112998006,14.8222068718755,14.3521573177503,13.743372083396,13.2143308075775,12.7425625579674,12.3137978872941,11.935040904763,11.6529657229916,11.3598462456161,11.1313435930062,11.0606161903093,11.178835560562,11.211989631983
"Hong Kong SAR, China",HKG,"Population ages 0-14, total",SP.POP.0014.TO,1184223,1166962,1153358,1150815,1152302,1147736,1182065,1166197,1148780,1135874,1124542,1094241,1064238,1029631,1005464,977841,942397,913943,886602,858616,838341,824051,812240,799108,799627,815082,822579
"Hong Kong SAR, China",HKG,Population ages 15-64 (% of total),SP.POP.1564.TO.ZS,70.4205115006437,70.6712984157396,70.8521243007395,70.9978766093605,71.1539192011476,71.3348852079143,71.4064990763897,71.5962790668406,71.8107162430435,71.9835235283067,72.1244230267658,72.406076129233,72.6324215832228,72.8438080485999,73.0937170024918,73.3972967126412,73.8479348653776,74.2892587944707,74.6884691101553,74.9755988310351,75.0919152578972,75.0787842591407,74.9587238206017,74.6920608328574,74.2413403010023,73.6033959999178,73.0221230279769
"Hong Kong SAR, China",HKG,"Population ages 15-64, total",SP.POP.1564.TO,4017138,4065013,4109777,4189585,4294424,4391447,4595365,4646097,4699078,4755591,4807093,4861561,4898403,4902971,4958312,5000705,5063827,5138068,5196674,5227899,5274606,5309271,5359624,5362068,5367278,5366644,5357341
"Hong Kong SAR, China",HKG,Population ages 65 and above (% of total),SP.POP.65UP.TO.ZS,8.82004006255169,9.04075920963265,9.26410249609371,9.50008816124064,9.75368475361044,10.0212358070331,10.2256236572404,10.4326457923974,10.6337726195103,10.8231943636387,11.0032273584433,11.2967484669695,11.5872925934808,11.8588806515995,12.0840761256326,12.2505459696085,12.4086930512263,12.4964103979519,12.5689683318773,12.7106032816708,12.9730438373398,13.2682500178677,13.6814299337822,14.1765955741364,14.6980435086884,15.2177684395202,15.76588734004
"Hong Kong SAR, China",HKG,"Population ages 65 and above, total",SP.POP.65UP.TO,503139,520024,537364,560600,588674,616917,658070,677006,695842,715034,733365,758498,781459,798198,819723,834654,850876,864289,874524,886285,911253,938278,978236,1017724,1062595,1109573,1156680
"Hong Kong SAR, China",HKG,Population density (people per sq. km of land area),EN.POP.DNST,5762.12121212121,5810.10101010101,5859.09090909091,5960.60606060606,6096.36363636364,5862.95238095238,6129.04761904762,6180.28571428571,6232.09523809524,6291.90476190476,6347.61904761905,6394.57142857143,6422.95238095238,6410.28571428571,6460.47619047619,6488.7619047619,6530.57142857143,6586.95238095238,6626.47619047619,6640.7619047619,6689.71428571429,6734.85714285714,6809.61904761905,6837.04761904762,6885.2380952381,6944.09523809524,6987.2380952381
"Hong Kong SAR, China",HKG,Population growth (annual %),SP.POP.GROW,0.321315033221987,0.829228336445851,0.839650031457883,1.71777073417072,2.25203043111788,1.98013277729748,4.43860779481101,0.832512854813318,0.834808807338866,0.955125814331738,0.881594075853745,0.736962668138432,0.44284682728195,-0.197404126472125,0.77991856230718,0.436871406105885,0.642270482876128,0.859633272217027,0.598238786949717,0.215353334344996,0.734446396338105,0.672543291818633,1.1039579972368,0.401982535858444,0.702370950536049,0.851197911086988,0.619366345332479
"Hong Kong SAR, China",HKG,"Population, total",SP.POP.TOTL,5704500,5752000,5800500,5901000,6035400,6156100,6435500,6489300,6543700,6606500,6665000,6714300,6744100,6730800,6783500,6813200,6857100,6916300,6957800,6972800,7024200,7071600,7150100,7178900,7229500,7291300,7336600
"Hong Kong SAR, China",HKG,Poverty headcount ratio at $1.90 a day (2011 PPP) (% of population),SI.POV.DDAY,..,..,..,..,..,..,..,..,..,..,..,..,..,..,..,..,..,..,..,..,..,..,..,..,..,..,..
"Hong Kong SAR, China",HKG,"Prevalence of HIV, total (% of population ages 15-49)",SH.DYN.AIDS.ZS,..,..,..,..,..,..,..,..,..,..,..,..,..,..,..,..,..,..,..,..,..,..,..,..,..,..,..
"Hong Kong SAR, China",HKG,"Primary completion rate, female (% of relevant age group)",SE.PRM.CMPT.FE.ZS,..,..,..,..,..,..,..,..,..,..,..,..,..,..,..,..,..,..,..,..,..,..,99.0441970825195,97.0287399291992,100.221397399902,102.165229797363,101.224708557129
"Hong Kong SAR, China",HKG,"Primary completion rate, male (% of relevant age group)",SE.PRM.CMPT.MA.ZS,..,..,..,..,..,..,..,..,..,..,..,..,..,..,..,..,..,..,..,..,..,..,100.783363342285,99.3767929077148,102.441452026367,105.982971191406,105.093757629395
"Hong Kong SAR, China",HKG,"Primary completion rate, total (% of relevant age group)",SE.PRM.CMPT.ZS,102.862663269043,103.920181274414,104.624008178711,105.713287353516,102.825462341309,99.1271514892578,93.5378875732422,..,..,..,..,..,..,..,..,..,..,..,..,..,..,..,99.9432983398438,98.2419815063477,101.361869812012,104.11116027832,103.192352294922
"Hong Kong SAR, China",HKG,Private credit bureau coverage (% of adults),IC.CRD.PRVT.ZS,..,..,..,..,..,..,..,..,..,..,..,..,..,..,61.5,64.5,64.5,64.7,69.9,71.9,72,86.3,89.4,93.6,96.1,96,100
"Hong Kong SAR, China",HKG,Public credit registry coverage (% of adults),IC.CRD.PUBL.ZS,..,..,..,..,..,..,..,..,..,..,..,..,..,..,0,0,0,0,0,0,0,0,0,0,0,0,0
"Hong Kong SAR, China",HKG,Research and development expenditure (% of GDP),GB.XPD.RSDV.GD.ZS,..,..,..,..,..,..,..,..,0.42767,0.45623,0.46406,0.53692,0.58028,0.67848,0.72009,0.7746,0.79646,0.75196,0.7189,0.77307,0.74792,0.72252,0.72628,0.72959,0.74015,0.76128,..
"Hong Kong SAR, China",HKG,Researchers in R&D (per million people),SP.POP.SCIE.RD.P6,..,..,..,..,..,..,..,..,1039.53622,1184.30858,1139.23457,1338.25044,1552.06131,1970.26113,2132.94785,2634.13843,2672.91226,2842.5983,2669.89504,2774.82183,2942.98906,2893.29777,2990.20341,3135.98821,3297.55528,3248.49825,..
"Hong Kong SAR, China",HKG,Rural population,SP.RUR.TOTL,27553,9663,1218,0,0,0,0,0,0,0,0,0,0,0,0,0,0,0,0,0,0,0,0,0,0,0,0
"Hong Kong SAR, China",HKG,Rural population (% of total population),SP.RUR.TOTL.ZS,0.483000000000004,0.168000000000006,0.0210000000000008,0,0,0,0,0,0,0,0,0,0,0,0,0,0,0,0,0,0,0,0,0,0,0,0
"Hong Kong SAR, China",HKG,"School enrollment, primary (% gross)",SE.PRM.ENRR,107.716178894043,106.113479614258,104.07536315918,101.131416320801,98.1515426635742,97.5216979980469,97.4191284179688,..,96.9783935546875,..,..,..,..,..,..,..,..,..,..,..,..,..,102.995376586914,105.519248962402,108.3017578125,109.219932556152,107.186378479004
"Hong Kong SAR, China",HKG,"School enrollment, primary, female (% gross)",SE.PRM.ENRR.FE,..,..,..,..,..,98.2596588134766,97.3735504150391,..,96.7862777709961,..,..,..,..,..,..,..,..,..,..,..,..,..,102.196166992188,104.441879272461,107.102767944336,107.905349731445,105.987373352051
"Hong Kong SAR, China",HKG,"School enrollment, primary, male (% gross)",SE.PRM.ENRR.MA,..,..,..,..,..,96.8313598632813,97.4618530273438,..,97.1575317382813,..,..,..,..,..,..,..,..,..,..,..,..,..,103.741760253906,106.530090332031,109.431716918945,110.459938049316,108.313056945801
"Hong Kong SAR, China",HKG,"School enrollment, secondary (% gross)",SE.SEC.ENRR,..,..,..,..,..,..,80.8691177368164,..,..,..,..,79.3698501586914,79.1097869873047,79.1533203125,80.4241714477539,81.582893371582,82.0219573974609,83.9448623657227,85.3000564575195,86.1838912963867,87.3218383789063,85.8976135253906,106.286262512207,100.616401672363,100.599281311035,101.427886962891,102.711540222168
"Hong Kong SAR, China",HKG,"School enrollment, secondary (gross), gender parity index (GPI)",SE.ENR.SECO.FM.ZS,..,..,..,..,..,..,1.04851996898651,..,..,..,..,1.00952005386353,1.00024998188019,1.00411999225616,1.00512003898621,1.00721001625061,1.00426995754242,1.00022995471954,0.998589992523193,0.999549984931946,0.995480000972748,0.994700014591217,0.993889987468719,0.975899994373322,0.970499992370605,0.970770001411438,0.966929972171783
"Hong Kong SAR, China",HKG,"School enrollment, secondary, female (% gross)",SE.SEC.ENRR.FE,..,..,..,..,..,..,82.8676223754883,..,..,..,..,79.7593307495117,79.1201095581055,79.3204116821289,80.6344223022461,81.8832931518555,82.2012023925781,83.9548568725586,85.2383575439453,86.1640777587891,87.1184921264648,85.6626281738281,105.950973510742,99.3504333496094,99.0421981811523,99.8713531494141,100.928359985352
"Hong Kong SAR, China",HKG,"School enrollment, secondary, male (% gross)",SE.SEC.ENRR.MA,..,..,..,..,..,..,79.0326614379883,..,..,..,..,79.0070495605469,79.1000671386719,78.9947280883789,80.2240219116211,81.2970809936523,81.851692199707,83.9353408813477,85.358757019043,86.2027206420898,87.5144271850586,86.1193618774414,106.602020263672,101.803848266602,102.052658081055,102.877990722656,104.380302429199
"Hong Kong SAR, China",HKG,"School enrollment, tertiary (% gross)",SE.TER.ENRR,..,..,17.9568405151367,19.0483303070068,21.2655601501465,..,..,..,..,..,..,..,..,31.438419342041,31.941219329834,33.1788711547852,34.1402893066406,42.1507186889648,54.884449005127,55.899658203125,59.0679817199707,61.1474418640137,60.3613090515137,66.9193725585938,68.7328262329102,68.9917907714844,71.7760696411133
"Hong Kong SAR, China",HKG,"School enrollment, tertiary (gross), gender parity index (GPI)",SE.ENR.TERT.FM.ZS,..,..,0.672360002994537,0.71807998418808,0.749870002269745,..,..,..,..,..,..,..,..,0.973169982433319,1.01436996459961,1.00917994976044,0.989960014820099,0.969829976558685,0.968699991703033,0.957059979438782,0.994719982147217,1.05735003948212,1.05286002159119,1.09432005882263,1.11426997184753,1.1261899471283,1.14003002643585
"Hong Kong SAR, China",HKG,"School enrollment, tertiary, female (% gross)",SE.TER.ENRR.FE,..,..,14.4462900161743,15.9268999099731,18.219820022583,..,..,..,..,..,..,..,..,31.019250869751,32.165111541748,33.3280487060547,33.9706802368164,41.521541595459,54.0361213684082,54.7002792358398,58.9134902954102,62.8503913879395,61.9234085083008,69.9413375854492,72.4672470092773,73.1316604614258,76.5613784790039
"Hong Kong SAR, China",HKG,"School enrollment, tertiary, male (% gross)",SE.TER.ENRR.MA,..,..,21.4857997894287,22.1797103881836,24.2972297668457,..,..,..,..,..,..,..,..,31.874439239502,31.7094707489014,33.0247383117676,34.3151016235352,42.8131713867188,55.7818412780762,57.1545486450195,59.2264518737793,59.4414482116699,58.8146781921387,63.9132614135742,65.0355224609375,64.9370498657227,67.1571502685547
"Hong Kong SAR, China",HKG,"Self-employed, female (% of female employment) (modeled ILO estimate)",SL.EMP.SELF.FE.ZS,..,5.70599985122681,5.52400016784668,5.33900022506714,5.29500007629395,5.25500011444092,5.00600004196167,4.90000009536743,4.82600021362305,5.44600009918213,5.05499982833862,5.78999996185303,6.48699998855591,6.78599977493286,7.03499984741211,6.73099994659424,6.59000015258789,6.1269998550415,6.23799991607666,6.28399991989136,5.36800003051758,5.80999994277954,5.69700002670288,5.63199996948242,5.26300001144409,5.32399988174438,5.34800004959106
"Hong Kong SAR, China",HKG,"Self-employed, male (% of male employment) (modeled ILO estimate)",SL.EMP.SELF.MA.ZS,..,15.8850002288818,15.4469995498657,14.9879999160767,14.2959995269775,14.3649997711182,14.585000038147,13.9219999313354,14.1499996185303,14.7290000915527,14.5459995269775,16.6359996795654,17.9820003509521,17.4629993438721,16.9869995117188,16.8509998321533,17.0249996185303,15.8120002746582,15.5590000152588,15.6510000228882,14.0509996414185,14.1260004043579,14.460000038147,14.4399995803833,12.871000289917,12.5069999694824,12.5109996795654
"Hong Kong SAR, China",HKG,"Self-employed, total (% of total employment) (modeled ILO estimate)",SL.EMP.SELF.ZS,..,12.048999786377,11.7430000305176,11.3929996490479,10.8859996795654,10.8520002365112,10.835000038147,10.3549995422363,10.3839998245239,10.8859996795654,10.5579996109009,11.9739999771118,12.9099998474121,12.7080001831055,12.5329999923706,12.2700004577637,12.2519998550415,11.3450002670288,11.210000038147,11.2250003814697,9.96000003814697,10.1590003967285,10.2489995956421,10.1800003051758,9.17099952697754,8.99899959564209,9.0019998550415
"Hong Kong SAR, China",HKG,Tax payments (number),IC.TAX.PAYM,..,..,..,..,..,..,..,..,..,..,..,..,..,..,..,4,4,4,4,4,3,3,3,3,3,3,3
"Hong Kong SAR, China",HKG,Tax revenue (% of GDP),GC.TAX.TOTL.GD.ZS,..,..,..,..,..,..,..,..,..,..,..,..,..,..,..,..,..,..,..,..,..,..,..,..,..,..,..
"Hong Kong SAR, China",HKG,"Taxes on income, profits and capital gains (% of total taxes)",GC.TAX.YPKG.ZS,..,..,..,..,..,..,..,..,..,..,..,..,..,..,..,..,..,..,..,..,..,..,..,..,..,..,..
"Hong Kong SAR, China",HKG,Technicians in R&D (per million people),SP.POP.TECH.RD.P6,..,..,..,..,..,..,..,..,216.16987,194.644,202.55025,169.96907,223.49449,312.10034,424.4556,342.8589,463.25617,378.4219,330.80651,354.42546,308.71215,349.50685,391.30605,290.34343,274.66943,..,..
"Hong Kong SAR, China",HKG,Telephone lines (per 100 people),IT.MLT.MAIN.P2,42.8092286047519,45.1379275473823,47.6374274004868,50.0063258823854,52.0104916759233,53.3843661529346,55.2923110443926,57.3669977204329,57.6040387800988,58.8001575788305,58.9142683578709,57.9794790656659,56.6881293280811,56.1209606209799,55.3222541332376,55.5513293450078,55.914369708016,61.0159867575032,60.2712150428734,61.2506143252046,62.0858617828535,61.4540573168134,61.6564732714839,61.8224677351599,61.4054807776372,59.7833805176338,59.1323954246312
"Hong Kong SAR, China",HKG,Time required to enforce a contract (days),IC.LGL.DURS,..,..,..,..,..,..,..,..,..,..,..,..,..,236,236,236,236,236,236,305,305,385,385,385,385,385,385
"Hong Kong SAR, China",HKG,Time required to obtain an operating license (days),IC.FRM.DURS,..,..,..,..,..,..,..,..,..,..,..,..,..,..,..,..,..,..,..,..,..,..,..,..,..,..,..
"Hong Kong SAR, China",HKG,Time required to register property (days),IC.PRP.DURS,..,..,..,..,..,..,..,..,..,..,..,..,..,..,27.5,27.5,27.5,27.5,27.5,27.5,27.5,27.5,27.5,27.5,27.5,27.5,27.5
"Hong Kong SAR, China",HKG,Time required to start a business (days),IC.REG.DURS,..,..,..,..,..,..,..,..,..,..,..,..,..,11,11,11,11,11,11,6,6,2.5,2.5,2.5,2.5,1.5,1.5
"Hong Kong SAR, China",HKG,Time to prepare and pay taxes (hours),IC.TAX.DURS,..,..,..,..,..,..,..,..,..,..,..,..,..,..,..,78,78,78,78,78,78,78,76,76,76,72,72
"Hong Kong SAR, China",HKG,Time to resolve insolvency (years),IC.ISV.DURS,..,..,..,..,..,..,..,..,..,..,..,..,..,1.1,1.1,1.1,1.1,1.1,1.1,1.1,1.1,1.1,1.1,1.1,0.8,0.8,0.8
"Hong Kong SAR, China",HKG,"Total employment, total (ages 15+)",SL.EMP.TOTL,..,2867711,2857899,2893765,2964187,3001963,3143235,3191094,3154410,3141014,3225932,3265030,3242122,3215402,3294347,3354981,3424554,3505256,3533984,3488998,3499093,3595152,3689649,3749404,3777293,3809376,3816956
"Hong Kong SAR, China",HKG,Unemployment with advanced education (% of total labor force with advanced education),SL.UEM.ADVN.ZS,..,..,..,..,..,..,..,..,..,..,..,..,3.14000010490417,..,2.61999988555908,2.74000000953674,2.29999995231628,2.4300000667572,2.10999989509583,3.27999997138977,2.98000001907349,2.25,2.16000008583069,2.10999989509583,2.16000008583069,2.49000000953674,2.34999990463257
"Hong Kong SAR, China",HKG,"Unemployment with advanced education, female (% of female labor force with advanced education)",SL.UEM.ADVN.FE.ZS,..,..,..,..,..,..,..,..,..,..,..,..,4.42999982833862,..,3.50999999046326,3.23000001907349,2.85999989509583,2.70000004768372,2.5,4.32999992370605,3.75999999046326,2.5,2.4300000667572,2.4300000667572,2.05999994277954,2.39000010490417,2.48000001907349
"Hong Kong SAR, China",HKG,"Unemployment with advanced education, male (% of male labor force with advanced education)",SL.UEM.ADVN.MA.ZS,..,..,..,..,..,..,..,..,..,..,..,..,3.82999992370605,..,3.08999991416931,3.00999999046326,2.60999989509583,2.55999994277954,2.32999992370605,3.83999991416931,3.39000010490417,2.39000010490417,2.29999995231628,2.27999997138977,2.09999990463257,2.44000005722046,2.42000007629395
"Hong Kong SAR, China",HKG,Unemployment with intermediate education (% of total labor force with intermediate education),SL.UEM.INTM.ZS,..,..,..,..,..,..,..,..,..,..,..,..,5.80000019073486,..,5.19999980926514,4.1399998664856,3.66000008583069,3.23000001907349,3.07999992370605,4.71000003814697,3.75999999046326,2.94000005722046,3.02999997138977,3.32999992370605,3.49000000953674,3.66000008583069,3.55999994277954
"Hong Kong SAR, China",HKG,"Unemployment with intermediate education, female (% of female labor force with intermediate education)",SL.UEM.INTM.FE.ZS,..,..,..,..,..,..,..,..,..,..,..,..,7.44999980926514,..,6.8600001335144,5.69000005722046,5.21000003814697,4.26000022888184,3.97000002861023,5.94000005722046,5.1399998664856,4.1100001335144,4.26999998092651,4.28999996185303,4.25,4,4.46000003814697
"Hong Kong SAR, China",HKG,"Unemployment with intermediate education, male (% of male labor force with intermediate education)",SL.UEM.INTM.MA.ZS,..,..,..,..,..,..,..,..,..,..,..,..,6.65999984741211,..,6.05000019073486,4.94999980926514,4.46000003814697,3.75,3.51999998092651,5.32999992370605,4.44999980926514,3.51999998092651,3.64000010490417,3.78999996185303,3.84999990463257,3.8199999332428,3.99000000953674
"Hong Kong SAR, China",HKG,"Unemployment, female (% of female labor force) (modeled ILO estimate)",SL.UEM.TOTL.FE.ZS,..,1.58899998664856,1.89100003242493,1.94099998474121,1.70099997520447,2.93600010871887,2.38499999046326,2.07399988174438,4.02400016784668,5.0789999961853,4.01399993896484,3.85800004005432,5.89599990844727,6.18499994277954,5.5460000038147,4.40999984741211,3.72300004959106,3.37400007247925,2.97900009155273,4.3270001411438,3.51099991798401,2.79299998283386,2.7409999370575,2.95700001716614,2.9760000705719,3.15700006484985,3.02099990844727
"Hong Kong SAR, China",HKG,"Unemployment, male (% of male labor force) (modeled ILO estimate)",SL.UEM.TOTL.MA.ZS,..,1.92700004577637,2.00099992752075,1.97099995613098,2.02099990844727,3.3970000743866,3.11400008201599,2.31500005722046,4.95300006866455,7.05999994277954,5.56599998474121,5.9980001449585,8.3439998626709,9.16199970245361,7.68499994277954,6.52600002288818,5.63500022888184,4.5479998588562,4.06199979782104,6.07999992370605,5.01100015640259,3.98499989509583,3.79200005531311,3.77300000190735,3.56599998474121,3.43600010871887,3.6710000038147
"Hong Kong SAR, China",HKG,"Unemployment, total (% of total labor force) (modeled ILO estimate)",SL.UEM.TOTL.ZS,..,1.79999995231628,1.96000003814697,1.96000003814697,1.89999997615814,3.22000002861023,2.82999992370605,2.22000002861023,4.57999992370605,6.25,4.92000007629395,5.09000015258789,7.28000020980835,7.8600001335144,6.73999977111816,5.57999992370605,4.76999998092651,4.01000022888184,3.55999994277954,5.26000022888184,4.30999994277954,3.42000007629395,3.28999996185303,3.38000011444092,3.27999997138977,3.29999995231628,3.3529999256134
"Hong Kong SAR, China",HKG,"Unemployment, youth female (% of female labor force ages 15-24) (modeled ILO estimate)",SL.UEM.1524.FE.ZS,..,3.61800003051758,3.83999991416931,4.0939998626709,3.60500001907349,5.92199993133545,5.5770001411438,4.59800004959106,9.00300025939941,12.1909999847412,10.1949996948242,9.1560001373291,11.8229999542236,11.6219997406006,9.21500015258789,7.90199995040894,8.09200000762939,7.17899990081787,6.86800003051758,10.1049995422363,10.3900003433228,7.71700000762939,7.67700004577637,7.69899988174438,8.07600021362305,9.55000019073486,8.60000038146973
"Hong Kong SAR, China",HKG,"Unemployment, youth male (% of male labor force ages 15-24) (modeled ILO estimate)",SL.UEM.1524.MA.ZS,..,4.68699979782104,4.71500015258789,4.81400012969971,5.02899980545044,7.75,7.66499996185303,5.78399991989136,11.9549999237061,16.2140007019043,12.0080003738403,13.4139995574951,18.0550003051758,18.2560005187988,15.1350002288818,13.6999998092651,12.9180002212524,11.0089998245239,10.3780002593994,15.1169996261597,14.003999710083,10.9860000610352,10.8970003128052,11.2609996795654,10.33899974823,11.4230003356934,11.2150001525879
"Hong Kong SAR, China",HKG,"Unemployment, youth total (% of total labor force ages 15-24) (modeled ILO estimate)",SL.UEM.1524.ZS,..,4.16699981689453,4.28700017929077,4.4689998626709,4.34299993515015,6.86999988555908,6.64599990844727,5.2039999961853,10.4849996566772,14.1929998397827,11.0920000076294,11.2449998855591,14.8610000610352,14.8839998245239,12.1140003204346,10.7299995422363,10.414999961853,8.98999977111816,8.52799987792969,12.5340003967285,12.173999786377,9.32800006866455,9.25399971008301,9.4370002746582,9.1899995803833,10.4680004119873,9.88199996948242
"Hong Kong SAR, China",HKG,Urban population,SP.URB.TOTL,5676947,5742337,5799282,5901000,6035400,6156100,6435500,6489300,6543700,6606500,6665000,6714300,6744100,6730800,6783500,6813200,6857100,6916300,6957800,6972800,7024200,7071600,7150100,7178900,7229500,7291300,7336600
"Hong Kong SAR, China",HKG,Urban population (% of total),SP.URB.TOTL.IN.ZS,99.517,99.832,99.979,100,100,100,100,100,100,100,100,100,100,100,100,100,100,100,100,100,100,100,100,100,100,100,100
"Hong Kong SAR, China",HKG,"Vulnerable employment, female (% of female employment) (modeled ILO estimate)",SL.EMP.VULN.FE.ZS,..,3.75399994850159,3.67300009727478,3.61100006103516,3.48199999332428,3.44400000572204,3.22500002384186,3.0809999704361,3.10199999809265,3.63900005817413,3.38900005817413,3.8270001411438,4.47599995136261,4.79300010204315,5.11099994182587,4.89300000667572,4.74100005626679,4.37800002098084,4.59099984169007,4.55099993944169,3.83500009775162,4.16499990224839,4.26999998092652,4.26899993419647,4.05800002813339,3.96100002527237,3.95799994468689
"Hong Kong SAR, China",HKG,"Vulnerable employment, male (% of male employment) (modeled ILO estimate)",SL.EMP.VULN.MA.ZS,..,6.47900016605854,6.50999979674816,6.57800015807152,6.39500015974045,6.64699977636337,6.63600005209446,6.22200003266335,6.58699990808964,7.21299977600575,7.33499984443188,9.15099956095218,10.510999828577,10.0369999110699,9.87199990451336,10.0679995417595,10.3829997181892,9.61399973928929,9.9249999076128,10.0040000379086,8.76400014013052,8.97100009024143,9.44699978083372,9.38699999451638,8.2469998151064,7.99400000274181,7.93299998342991
"Hong Kong SAR, China",HKG,"Vulnerable employment, total (% of total employment) (modeled ILO estimate)",SL.EMP.VULN.ZS,..,5.45199984312057,5.45100003480912,5.47299987077713,5.291000187397,5.4119998216629,5.30000001192093,4.98100000619888,5.17900007963181,5.73300009965897,5.67699998617172,6.86300021409989,7.84899991750717,7.70100015401841,7.74099987745285,7.72500014305114,7.80300003290177,7.19899994134903,7.43700015544892,7.42699983716011,6.44199997186661,6.67800000309944,6.95999988913536,6.91200014948845,6.20899996161461,6.02400013804435,5.98600000143051
"Hong Kong SAR, China",HKG,"Wage and salaried workers, female (% of female employment) (modeled ILO estimate)",SL.EMP.WORK.FE.ZS,..,94.2939987182617,94.4759979248047,94.661003112793,94.7050018310547,94.745002746582,94.9940032958984,95.0999984741211,95.1740036010742,94.5540008544922,94.9449996948242,94.2099990844727,93.5130004882813,93.213996887207,92.9649963378906,93.2689971923828,93.4100036621094,93.8730010986328,93.7620010375977,93.7160034179688,94.6320037841797,94.1900024414063,94.3030014038086,94.3679962158203,94.7369995117188,94.6760025024414,94.6520004272461
"Hong Kong SAR, China",HKG,"Wage and salaried workers, male (% of male employment) (modeled ILO estimate)",SL.EMP.WORK.MA.ZS,..,84.1149978637695,84.5530014038086,85.0120010375977,85.7040023803711,85.6350021362305,85.4150009155273,86.0780029296875,85.8499984741211,85.2710037231445,85.4540023803711,83.3639984130859,82.0179977416992,82.5370025634766,83.0130004882813,83.1490020751953,82.9749984741211,84.1880035400391,84.4410018920898,84.3489990234375,85.9489974975586,85.8740005493164,85.5400009155273,85.5599975585938,87.1289978027344,87.4929962158203,87.4889984130859
"Hong Kong SAR, China",HKG,"Wage and salaried workers, total (% of total employment) (modeled ILO estimate)",SL.EMP.WORK.ZS,..,87.9509963989258,88.2570037841797,88.6070022583008,89.1139984130859,89.1480026245117,89.1650009155273,89.6449966430664,89.6159973144531,89.1139984130859,89.4420013427734,88.0260009765625,87.0899963378906,87.2919998168945,87.4670028686523,87.7300033569336,87.7480010986328,88.6549987792969,88.7900009155273,88.7750015258789,90.0400009155273,89.8410034179688,89.7509994506836,89.8199996948242,90.8290023803711,91.0009994506836,90.9980010986328
,,,,,,,,,,,,,,,,,,,,,,,,,,,,,,
,,,,,,,,,,,,,,,,,,,,,,,,,,,,,,
,,,,,,,,,,,,,,,,,,,,,,,,,,,,,,
Data from database: Jobs,,,,,,,,,,,,,,,,,,,,,,,,,,,,,,
Last Updated: 08/14/2020,,,,,,,,,,,,,,,,,,,,,,,,,,,,,,
